excel_row,measurer_code,pedestal_id,pedestal,status_code,success,response
1,MD001,MAP12-MD001,MAP12,201,True,"{""message"":""Measurer Created, Id:1""} (smoke test, not re-posted)"
2,MD002,MAP12-MD002,MAP12,201,True,"{""message"":""Measurer Created, Id:2""} (smoke test, not re-posted)"
3,MD003,MAP34-MD003,MAP34,201,True,"{""message"":""Measurer Created, Id:3""} (smoke test, not re-posted)"
4,MD004,MAP34-MD004,MAP34,201,True,"{""message"":""Measurer Created, Id:4""}"
5,MD005,MAP56-MD005,MAP56,201,True,"{""message"":""Measurer Created, Id:5""}"
6,MD006,MAP56-MD006,MAP56,201,True,"{""message"":""Measurer Created, Id:6""}"
7,MD007,MAP480-MD007,MAP480,201,True,"{""message"":""Measurer Created, Id:7""}"
8,MD008,MBP2729-MD008,MBP2729,201,True,"{""message"":""Measurer Created, Id:8""}"
9,MD009,MBP2729-MD009,MBP2729,201,True,"{""message"":""Measurer Created, Id:9""}"
10,MD010,MBP1921-MD010,MBP1921,201,True,"{""message"":""Measurer Created, Id:10""}"
11,MD011,MBP1921-MD011,MBP1921,201,True,"{""message"":""Measurer Created, Id:11""}"
12,MD012,MBP13480-MD012,MBP13480,201,True,"{""message"":""Measurer Created, Id:12""}"
13,MD013,MBP13208-MD013,MBP13208,201,True,"{""message"":""Measurer Created, Id:13""}"
14,MD014,MBP2325480-MD014,MBP2325480,201,True,"{""message"":""Measurer Created, Id:14""}"
15,MD015,MBP911-MD015,MBP911,201,True,"{""message"":""Measurer Created, Id:15""}"
16,MD016,MBP911-MD016,MBP911,201,True,"{""message"":""Measurer Created, Id:16""}"
17,MD017,MBP911-MD017,MBP911,201,True,"{""message"":""Measurer Created, Id:17""}"
18,MD018,MBP911-MD018,MBP911,201,True,"{""message"":""Measurer Created, Id:18""}"
19,MD019,MBP57-MD019,MBP57,201,True,"{""message"":""Measurer Created, Id:19""}"
20,MD020,MBP57-MD020,MBP57,201,True,"{""message"":""Measurer Created, Id:20""}"
21,MD021,MBP24-MD021,MBP24,201,True,"{""message"":""Measurer Created, Id:21""}"
22,MD022,MBP24-MD022,MBP24,201,True,"{""message"":""Measurer Created, Id:22""}"
23,MD023,MBP24-MD023,MBP24,201,True,"{""message"":""Measurer Created, Id:23""}"
24,MD024,MBP68-MD024,MBP68,201,True,"{""message"":""Measurer Created, Id:24""}"
25,MD025,MBP68-MD025,MBP68,201,True,"{""message"":""Measurer Created, Id:25""}"
26,MD026,MBP68-MD026,MBP68,201,True,"{""message"":""Measurer Created, Id:26""}"
27,MD027,MBP68-MD027,MBP68,201,True,"{""message"":""Measurer Created, Id:27""}"
28,MD028,MBP10480-MD028,MBP10480,201,True,"{""message"":""Measurer Created, Id:28""}"
29,MD029,MBP10208-MD029,MBP10208,201,True,"{""message"":""Measurer Created, Id:29""}"
30,MD030,MBP1214-MD030,MBP1214,201,True,"{""message"":""Measurer Created, Id:30""}"
31,MD031,MBP1214-MD031,MBP1214,201,True,"{""message"":""Measurer Created, Id:31""}"
32,MD032,MBP1214-MD032,MBP1214,201,True,"{""message"":""Measurer Created, Id:32""}"
33,MD033,MBP1214-MD033,MBP1214,201,True,"{""message"":""Measurer Created, Id:33""}"
34,MD034,MBP1618-MD034,MBP1618,201,True,"{""message"":""Measurer Created, Id:34""}"
35,MD035,MBP1618-MD035,MBP1618,201,True,"{""message"":""Measurer Created, Id:35""}"
36,MD036,MBP1618-MD036,MBP1618,201,True,"{""message"":""Measurer Created, Id:36""}"
37,MD037,MBP20480-MD037,MBP20480,201,True,"{""message"":""Measurer Created, Id:37""}"
38,MD038,MBP20208-MD038,MBP20208,201,True,"{""message"":""Measurer Created, Id:38""}"
39,MD039,MBP20240-MD039,MBP20240,201,True,"{""message"":""Measurer Created, Id:39""}"
40,MD040,MBP13240-MD040,MBP13240,201,True,"{""message"":""Measurer Created, Id:40""}"
41,MD041,MBP10240-MD041,MBP10240,201,True,"{""message"":""Measurer Created, Id:41""}"
42,MD042,MBP2325-MD042,MBP2325,201,True,"{""message"":""Measurer Created, Id:42""}"
43,MD043,MBP2325-MD043,MBP2325,201,True,"{""message"":""Measurer Created, Id:43""}"
44,MD044,MBP1517-MD044,MBP1517,201,True,"{""message"":""Measurer Created, Id:44""}"
45,MD045,MBP1517-MD045,MBP1517,201,True,"{""message"":""Measurer Created, Id:45""}"
46,MD336,MBP13-MD336,MBP13,201,True,"{""message"":""Measurer Created, Id:46""}"
47,MD337,MBP13-MD337,MBP13,201,True,"{""message"":""Measurer Created, Id:47""}"
48,MD338,MBP13-MD338,MBP13,201,True,"{""message"":""Measurer Created, Id:48""}"
49,MD347,MBPTX480-MD347,MBPTX480,201,True,"{""message"":""Measurer Created, Id:49""}"
50,MD353,MBPTX480-MD353,MBPTX480,201,True,"{""message"":""Measurer Created, Id:50""}"
51,MD046,MCP12-MD046,MCP12,201,True,"{""message"":""Measurer Created, Id:51""}"
52,MD047,MCP12-MD047,MCP12,201,True,"{""message"":""Measurer Created, Id:52""}"
53,MD048,MCP35-MD048,MCP35,201,True,"{""message"":""Measurer Created, Id:53""}"
54,MD049,MCP35-MD049,MCP35,201,True,"{""message"":""Measurer Created, Id:54""}"
55,MD050,MCP79-MD050,MCP79,201,True,"{""message"":""Measurer Created, Id:55""}"
56,MD051,MCP79-MD051,MCP79,201,True,"{""message"":""Measurer Created, Id:56""}"
57,MD052,MCP1113-MD052,MCP1113,201,True,"{""message"":""Measurer Created, Id:57""}"
58,MD053,MCP1113-MD053,MCP1113,201,True,"{""message"":""Measurer Created, Id:58""}"
59,MD054,MCP1517-MD054,MCP1517,201,True,"{""message"":""Measurer Created, Id:59""}"
60,MD055,MCP1517-MD055,MCP1517,201,True,"{""message"":""Measurer Created, Id:60""}"
61,MD056,MCP1921-MD056,MCP1921,201,True,"{""message"":""Measurer Created, Id:61""}"
62,MD057,MCP1921-MD057,MCP1921,201,True,"{""message"":""Measurer Created, Id:62""}"
63,MD058,MCP2325-MD058,MCP2325,201,True,"{""message"":""Measurer Created, Id:63""}"
64,MD059,MCP2325-MD059,MCP2325,201,True,"{""message"":""Measurer Created, Id:64""}"
65,MD060,MCP2729-MD060,MCP2729,201,True,"{""message"":""Measurer Created, Id:65""}"
66,MD061,MCP2729-MD061,MCP2729,201,True,"{""message"":""Measurer Created, Id:66""}"
67,MD062,MCP3133-MD062,MCP3133,201,True,"{""message"":""Measurer Created, Id:67""}"
68,MD063,MCP3133-MD063,MCP3133,201,True,"{""message"":""Measurer Created, Id:68""}"
69,MD064,MCP4035-MD064,MCP4035,201,True,"{""message"":""Measurer Created, Id:69""}"
70,MD065,MCP4035-MD065,MCP4035,201,True,"{""message"":""Measurer Created, Id:70""}"
71,MD066,MCP3638-MD066,MCP3638,201,True,"{""message"":""Measurer Created, Id:71""}"
72,MD067,MCP3638-MD067,MCP3638,201,True,"{""message"":""Measurer Created, Id:72""}"
73,MD068,MCP3234-MD068,MCP3234,201,True,"{""message"":""Measurer Created, Id:73""}"
74,MD069,MCP3234-MD069,MCP3234,201,True,"{""message"":""Measurer Created, Id:74""}"
75,MD070,MCP2830-MD070,MCP2830,201,True,"{""message"":""Measurer Created, Id:75""}"
76,MD071,MCP2830-MD071,MCP2830,201,True,"{""message"":""Measurer Created, Id:76""}"
77,MD072,MCP2426-MD072,MCP2426,201,True,"{""message"":""Measurer Created, Id:77""}"
78,MD073,MCP2426-MD073,MCP2426,201,True,"{""message"":""Measurer Created, Id:78""}"
79,MD074,MCP2022-MD074,MCP2022,201,True,"{""message"":""Measurer Created, Id:79""}"
80,MD075,MCP2022-MD075,MCP2022,201,True,"{""message"":""Measurer Created, Id:80""}"
81,MD076,MCP1618-MD076,MCP1618,201,True,"{""message"":""Measurer Created, Id:81""}"
82,MD077,MCP1618-MD077,MCP1618,201,True,"{""message"":""Measurer Created, Id:82""}"
83,MD078,MCP1214-MD078,MCP1214,201,True,"{""message"":""Measurer Created, Id:83""}"
84,MD079,MCP1214-MD079,MCP1214,201,True,"{""message"":""Measurer Created, Id:84""}"
85,MD080,MCP810-MD080,MCP810,201,True,"{""message"":""Measurer Created, Id:85""}"
86,MD081,MCP810-MD081,MCP810,201,True,"{""message"":""Measurer Created, Id:86""}"
87,MD082,MCP46-MD082,MCP46,201,True,"{""message"":""Measurer Created, Id:87""}"
88,MD083,MCP46-MD083,MCP46,201,True,"{""message"":""Measurer Created, Id:88""}"
89,MD084,MDP35-MD084,MDP35,201,True,"{""message"":""Measurer Created, Id:89""}"
90,MD085,MDP35-MD085,MDP35,201,True,"{""message"":""Measurer Created, Id:90""}"
91,MD086,MDP79-MD086,MDP79,201,True,"{""message"":""Measurer Created, Id:91""}"
92,MD087,MDP79-MD087,MDP79,201,True,"{""message"":""Measurer Created, Id:92""}"
93,MD088,MDP1113-MD088,MDP1113,201,True,"{""message"":""Measurer Created, Id:93""}"
94,MD089,MDP1113-MD089,MDP1113,201,True,"{""message"":""Measurer Created, Id:94""}"
95,MD090,MDP1517-MD090,MDP1517,201,True,"{""message"":""Measurer Created, Id:95""}"
96,MD091,MDP1517-MD091,MDP1517,201,True,"{""message"":""Measurer Created, Id:96""}"
97,MD092,MDP1921-MD092,MDP1921,201,True,"{""message"":""Measurer Created, Id:97""}"
98,MD093,MDP1921-MD093,MDP1921,201,True,"{""message"":""Measurer Created, Id:98""}"
99,MD094,MDP2325-MD094,MDP2325,201,True,"{""message"":""Measurer Created, Id:99""}"
100,MD095,MDP2325-MD095,MDP2325,201,True,"{""message"":""Measurer Created, Id:100""}"
101,MD096,MDP2729-MD096,MDP2729,201,True,"{""message"":""Measurer Created, Id:101""}"
102,MD097,MDP2729-MD097,MDP2729,201,True,"{""message"":""Measurer Created, Id:102""}"
103,MD098,MDP3133-MD098,MDP3133,201,True,"{""message"":""Measurer Created, Id:103""}"
104,MD099,MDP3133-MD099,MDP3133,201,True,"{""message"":""Measurer Created, Id:104""}"
105,MD100,MDP3537-MD100,MDP3537,201,True,"{""message"":""Measurer Created, Id:105""}"
106,MD101,MDP3537-MD101,MDP3537,201,True,"{""message"":""Measurer Created, Id:106""}"
107,MD102,MDP3941-MD102,MDP3941,201,True,"{""message"":""Measurer Created, Id:107""}"
108,MD103,MDP3941-MD103,MDP3941,201,True,"{""message"":""Measurer Created, Id:108""}"
109,MD104,MDP4345-MD104,MDP4345,201,True,"{""message"":""Measurer Created, Id:109""}"
110,MD105,MDP4345-MD105,MDP4345,201,True,"{""message"":""Measurer Created, Id:110""}"
111,MD106,MDP4447-MD106,MDP4447,201,True,"{""message"":""Measurer Created, Id:111""}"
112,MD107,MDP4447-MD107,MDP4447,201,True,"{""message"":""Measurer Created, Id:112""}"
113,MD108,MDP4042-MD108,MDP4042,201,True,"{""message"":""Measurer Created, Id:113""}"
114,MD109,MDP4042-MD109,MDP4042,201,True,"{""message"":""Measurer Created, Id:114""}"
115,MD110,MDP3638-MD110,MDP3638,201,True,"{""message"":""Measurer Created, Id:115""}"
116,MD111,MDP3638-MD111,MDP3638,201,True,"{""message"":""Measurer Created, Id:116""}"
117,MD112,MDP3234-MD112,MDP3234,201,True,"{""message"":""Measurer Created, Id:117""}"
118,MD113,MDP3234-MD113,MDP3234,201,True,"{""message"":""Measurer Created, Id:118""}"
119,MD114,MDP2830-MD114,MDP2830,201,True,"{""message"":""Measurer Created, Id:119""}"
120,MD115,MDP2830-MD115,MDP2830,201,True,"{""message"":""Measurer Created, Id:120""}"
121,MD116,MDP2624-MD116,MDP2624,201,True,"{""message"":""Measurer Created, Id:121""}"
122,MD117,MDP2624-MD117,MDP2624,201,True,"{""message"":""Measurer Created, Id:122""}"
123,MD118,MDP2022-MD118,MDP2022,201,True,"{""message"":""Measurer Created, Id:123""}"
124,MD119,MDP2022-MD119,MDP2022,201,True,"{""message"":""Measurer Created, Id:124""}"
125,MD120,MDP1618-MD120,MDP1618,201,True,"{""message"":""Measurer Created, Id:125""}"
126,MD121,MDP1618-MD121,MDP1618,201,True,"{""message"":""Measurer Created, Id:126""}"
127,MD122,MDP1214-MD122,MDP1214,201,True,"{""message"":""Measurer Created, Id:127""}"
128,MD123,MDP1214-MD123,MDP1214,201,True,"{""message"":""Measurer Created, Id:128""}"
129,MD124,MDP810-MD124,MDP810,201,True,"{""message"":""Measurer Created, Id:129""}"
130,MD125,MDP810-MD125,MDP810,201,True,"{""message"":""Measurer Created, Id:130""}"
131,MD126,MDP46-MD126,MDP46,201,True,"{""message"":""Measurer Created, Id:131""}"
132,MD127,MDP46-MD127,MDP46,201,True,"{""message"":""Measurer Created, Id:132""}"
133,MD128,MDP12-MD128,MDP12,201,True,"{""message"":""Measurer Created, Id:133""}"
134,MD129,MDP12-MD129,MDP12,201,True,"{""message"":""Measurer Created, Id:134""}"
135,MD130,MEP35-MD130,MEP35,201,True,"{""message"":""Measurer Created, Id:135""}"
136,MD131,MEP35-MD131,MEP35,201,True,"{""message"":""Measurer Created, Id:136""}"
137,MD132,MEP79-MD132,MEP79,201,True,"{""message"":""Measurer Created, Id:137""}"
138,MD133,MEP79-MD133,MEP79,201,True,"{""message"":""Measurer Created, Id:138""}"
139,MD134,MEP1113-MD134,MEP1113,201,True,"{""message"":""Measurer Created, Id:139""}"
140,MD135,MEP1113-MD135,MEP1113,201,True,"{""message"":""Measurer Created, Id:140""}"
141,MD136,MEP1517-MD136,MEP1517,201,True,"{""message"":""Measurer Created, Id:141""}"
142,MD137,MEP1517-MD137,MEP1517,201,True,"{""message"":""Measurer Created, Id:142""}"
143,MD138,MEP2325-MD138,MEP2325,201,True,"{""message"":""Measurer Created, Id:143""}"
144,MD139,MEP2325-MD139,MEP2325,201,True,"{""message"":""Measurer Created, Id:144""}"
145,MD140,MEP2729-MD140,MEP2729,201,True,"{""message"":""Measurer Created, Id:145""}"
146,MD141,MEP2729-MD141,MEP2729,201,True,"{""message"":""Measurer Created, Id:146""}"
147,MD142,MEP3133-MD142,MEP3133,201,True,"{""message"":""Measurer Created, Id:147""}"
148,MD143,MEP3133-MD143,MEP3133,201,True,"{""message"":""Measurer Created, Id:148""}"
149,MD144,MEP3537-MD144,MEP3537,201,True,"{""message"":""Measurer Created, Id:149""}"
150,MD145,MEP3537-MD145,MEP3537,201,True,"{""message"":""Measurer Created, Id:150""}"
151,MD146,MEP3941-MD146,MEP3941,201,True,"{""message"":""Measurer Created, Id:151""}"
152,MD147,MEP3941-MD147,MEP3941,201,True,"{""message"":""Measurer Created, Id:152""}"
153,MD148,MEP4345-MD148,MEP4345,201,True,"{""message"":""Measurer Created, Id:153""}"
154,MD149,MEP4345-MD149,MEP4345,201,True,"{""message"":""Measurer Created, Id:154""}"
155,MD150,MEP4749-MD150,MEP4749,201,True,"{""message"":""Measurer Created, Id:155""}"
156,MD151,MEP4749-MD151,MEP4749,201,True,"{""message"":""Measurer Created, Id:156""}"
157,MD152,MEP5051-MD152,MEP5051,201,True,"{""message"":""Measurer Created, Id:157""}"
158,MD153,MEP5051-MD153,MEP5051,201,True,"{""message"":""Measurer Created, Id:158""}"
159,MD154,MEP4648-MD154,MEP4648,201,True,"{""message"":""Measurer Created, Id:159""}"
160,MD155,MEP4648-MD155,MEP4648,201,True,"{""message"":""Measurer Created, Id:160""}"
161,MD156,MEP4244-MD156,MEP4244,201,True,"{""message"":""Measurer Created, Id:161""}"
162,MD157,MEP4244-MD157,MEP4244,201,True,"{""message"":""Measurer Created, Id:162""}"
163,MD158,MEP3840-MD158,MEP3840,201,True,"{""message"":""Measurer Created, Id:163""}"
164,MD159,MEP3840-MD159,MEP3840,201,True,"{""message"":""Measurer Created, Id:164""}"
165,MD160,MEP3436-MD160,MEP3436,201,True,"{""message"":""Measurer Created, Id:165""}"
166,MD161,MEP3436-MD161,MEP3436,201,True,"{""message"":""Measurer Created, Id:166""}"
167,MD162,MEP3032-MD162,MEP3032,201,True,"{""message"":""Measurer Created, Id:167""}"
168,MD163,MEP3032-MD163,MEP3032,201,True,"{""message"":""Measurer Created, Id:168""}"
169,MD164,MEP2628-MD164,MEP2628,201,True,"{""message"":""Measurer Created, Id:169""}"
170,MD165,MEP2628-MD165,MEP2628,201,True,"{""message"":""Measurer Created, Id:170""}"
171,MD166,MEP2224-MD166,MEP2224,201,True,"{""message"":""Measurer Created, Id:171""}"
172,MD167,MEP2224-MD167,MEP2224,201,True,"{""message"":""Measurer Created, Id:172""}"
173,MD168,MEP1820-MD168,MEP1820,201,True,"{""message"":""Measurer Created, Id:173""}"
174,MD169,MEP1820-MD169,MEP1820,201,True,"{""message"":""Measurer Created, Id:174""}"
175,MD170,MEP1416-MD170,MEP1416,201,True,"{""message"":""Measurer Created, Id:175""}"
176,MD171,MEP1416-MD171,MEP1416,201,True,"{""message"":""Measurer Created, Id:176""}"
177,MD172,MEP1012-MD172,MEP1012,201,True,"{""message"":""Measurer Created, Id:177""}"
178,MD173,MEP1012-MD173,MEP1012,201,True,"{""message"":""Measurer Created, Id:178""}"
179,MD174,MEP68-MD174,MEP68,201,True,"{""message"":""Measurer Created, Id:179""}"
180,MD175,MEP68-MD175,MEP68,201,True,"{""message"":""Measurer Created, Id:180""}"
181,MD176,MEP24-MD176,MEP24,201,True,"{""message"":""Measurer Created, Id:181""}"
182,MD177,MEP24-MD177,MEP24,201,True,"{""message"":""Measurer Created, Id:182""}"
183,MD178,MEP1921-MD178,MEP1921,201,True,"{""message"":""Measurer Created, Id:183""}"
184,MD179,MEP1921-MD179,MEP1921,201,True,"{""message"":""Measurer Created, Id:184""}"
185,MD351,MEP5253-MD351,MEP5253,201,True,"{""message"":""Measurer Created, Id:185""}"
186,MD352,MEP5253-MD352,MEP5253,201,True,"{""message"":""Measurer Created, Id:186""}"
187,MD180,MFP4244-MD180,MFP4244,201,True,"{""message"":""Measurer Created, Id:187""}"
188,MD181,MFP4244-MD181,MFP4244,201,True,"{""message"":""Measurer Created, Id:188""}"
189,MD182,MFP3840-MD182,MFP3840,201,True,"{""message"":""Measurer Created, Id:189""}"
190,MD183,MFP3840-MD183,MFP3840,201,True,"{""message"":""Measurer Created, Id:190""}"
191,MD184,MFP3436-MD184,MFP3436,201,True,"{""message"":""Measurer Created, Id:191""}"
192,MD185,MFP3436-MD185,MFP3436,201,True,"{""message"":""Measurer Created, Id:192""}"
193,MD186,MFP3032-MD186,MFP3032,201,True,"{""message"":""Measurer Created, Id:193""}"
194,MD187,MFP3032-MD187,MFP3032,201,True,"{""message"":""Measurer Created, Id:194""}"
195,MD188,MFP2628-MD188,MFP2628,201,True,"{""message"":""Measurer Created, Id:195""}"
196,MD189,MFP2628-MD189,MFP2628,201,True,"{""message"":""Measurer Created, Id:196""}"
197,MD190,MFP2224-MD190,MFP2224,201,True,"{""message"":""Measurer Created, Id:197""}"
198,MD191,MFP2224-MD191,MFP2224,201,True,"{""message"":""Measurer Created, Id:198""}"
199,MD192,MFP1820-MD192,MFP1820,201,True,"{""message"":""Measurer Created, Id:199""}"
200,MD193,MFP1820-MD193,MFP1820,201,True,"{""message"":""Measurer Created, Id:200""}"
201,MD194,MFP1416-MD194,MFP1416,201,True,"{""message"":""Measurer Created, Id:201""}"
202,MD195,MFP1416-MD195,MFP1416,201,True,"{""message"":""Measurer Created, Id:202""}"
203,MD196,MFP1012-MD196,MFP1012,201,True,"{""message"":""Measurer Created, Id:203""}"
204,MD197,MFP1012-MD197,MFP1012,201,True,"{""message"":""Measurer Created, Id:204""}"
205,MD198,MFP68-MD198,MFP68,201,True,"{""message"":""Measurer Created, Id:205""}"
206,MD199,MFP68-MD199,MFP68,201,True,"{""message"":""Measurer Created, Id:206""}"
207,MD200,MFP24-MD200,MFP24,201,True,"{""message"":""Measurer Created, Id:207""}"
208,MD201,MFP24-MD201,MFP24,201,True,"{""message"":""Measurer Created, Id:208""}"
209,MD202,MFP57-MD202,MFP57,201,True,"{""message"":""Measurer Created, Id:209""}"
210,MD203,MFP57-MD203,MFP57,201,True,"{""message"":""Measurer Created, Id:210""}"
211,MD204,MFP911-MD204,MFP911,201,True,"{""message"":""Measurer Created, Id:211""}"
212,MD205,MFP911-MD205,MFP911,201,True,"{""message"":""Measurer Created, Id:212""}"
213,MD206,MFP1315-MD206,MFP1315,201,True,"{""message"":""Measurer Created, Id:213""}"
214,MD207,MFP1315-MD207,MFP1315,201,True,"{""message"":""Measurer Created, Id:214""}"
215,MD208,MFP1719-MD208,MFP1719,201,True,"{""message"":""Measurer Created, Id:215""}"
216,MD209,MFP1719-MD209,MFP1719,201,True,"{""message"":""Measurer Created, Id:216""}"
217,MD210,MFP2123-MD210,MFP2123,201,True,"{""message"":""Measurer Created, Id:217""}"
218,MD211,MFP2123-MD211,MFP2123,201,True,"{""message"":""Measurer Created, Id:218""}"
219,MD212,MFP2527-MD212,MFP2527,201,True,"{""message"":""Measurer Created, Id:219""}"
220,MD213,MFP2527-MD213,MFP2527,201,True,"{""message"":""Measurer Created, Id:220""}"
221,MD214,MFP2931-MD214,MFP2931,201,True,"{""message"":""Measurer Created, Id:221""}"
222,MD215,MFP2931-MD215,MFP2931,201,True,"{""message"":""Measurer Created, Id:222""}"
223,MD216,MFP3335-MD216,MFP3335,201,True,"{""message"":""Measurer Created, Id:223""}"
224,MD217,MFP3335-MD217,MFP3335,201,True,"{""message"":""Measurer Created, Id:224""}"
225,MD218,MFP3739-MD218,MFP3739,201,True,"{""message"":""Measurer Created, Id:225""}"
226,MD219,MFP3739-MD219,MFP3739,201,True,"{""message"":""Measurer Created, Id:226""}"
227,MD220,MFP4143-MD220,MFP4143,201,True,"{""message"":""Measurer Created, Id:227""}"
228,MD221,MFP4143-MD221,MFP4143,201,True,"{""message"":""Measurer Created, Id:228""}"
229,MD222,MFP4546-MD222,MFP4546,201,True,"{""message"":""Measurer Created, Id:229""}"
230,MD223,MFP4546-MD223,MFP4546,201,True,"{""message"":""Measurer Created, Id:230""}"
231,MD224,MCOMP240-MD224,MCOMP240,201,True,"{""message"":""Measurer Created, Id:231""}"
232,MD225,MCOMP240-MD225,MCOMP240,201,True,"{""message"":""Measurer Created, Id:232""}"
233,MD226,MCOMFDA480-MD226,MCOMFDA480,201,True,"{""message"":""Measurer Created, Id:233""}"
234,MD227,MCOMFDB480-MD227,MCOMFDB480,201,True,"{""message"":""Measurer Created, Id:234""}"
235,MD228,MWAP8990118119120121-MD228,MWAP8990118119120121,201,True,"{""message"":""Measurer Created, Id:235""}"
236,MD229,MWAP8990118119120121-MD229,MWAP8990118119120121,201,True,"{""message"":""Measurer Created, Id:236""}"
237,MD230,MWAP8990118119120121-MD230,MWAP8990118119120121,201,True,"{""message"":""Measurer Created, Id:237""}"
238,MD231,MWAP8990118119120121-MD231,MWAP8990118119120121,201,True,"{""message"":""Measurer Created, Id:238""}"
239,MD232,MWAP8990118119120121-MD232,MWAP8990118119120121,201,True,"{""message"":""Measurer Created, Id:239""}"
240,MD233,MWAP8990118119120121-MD233,MWAP8990118119120121,201,True,"{""message"":""Measurer Created, Id:240""}"
241,MD234,MWAP102103-MD234,MWAP102103,201,True,"{""message"":""Measurer Created, Id:241""}"
242,MD235,MWAP102103-MD235,MWAP102103,201,True,"{""message"":""Measurer Created, Id:242""}"
243,MD236,MWAP100101-MD236,MWAP100101,201,True,"{""message"":""Measurer Created, Id:243""}"
244,MD237,MWAP100101-MD237,MWAP100101,201,True,"{""message"":""Measurer Created, Id:244""}"
245,MD238,MWAP96979899-MD238,MWAP96979899,201,True,"{""message"":""Measurer Created, Id:245""}"
246,MD239,MWAP96979899-MD239,MWAP96979899,201,True,"{""message"":""Measurer Created, Id:246""}"
247,MD240,MWAP96979899-MD240,MWAP96979899,201,True,"{""message"":""Measurer Created, Id:247""}"
248,MD241,MWAP96979899-MD241,MWAP96979899,201,True,"{""message"":""Measurer Created, Id:248""}"
249,MD242,MWAP9192-MD242,MWAP9192,201,True,"{""message"":""Measurer Created, Id:249""}"
250,MD243,MWAP9192-MD243,MWAP9192,201,True,"{""message"":""Measurer Created, Id:250""}"
251,MD244,MWAP85868788-MD244,MWAP85868788,201,True,"{""message"":""Measurer Created, Id:251""}"
252,MD245,MWAP85868788-MD245,MWAP85868788,201,True,"{""message"":""Measurer Created, Id:252""}"
253,MD246,MWAP85868788-MD246,MWAP85868788,201,True,"{""message"":""Measurer Created, Id:253""}"
254,MD247,MWAP85868788-MD247,MWAP85868788,201,True,"{""message"":""Measurer Created, Id:254""}"
255,MD248,MWAP81828384-MD248,MWAP81828384,201,True,"{""message"":""Measurer Created, Id:255""}"
256,MD249,MWAP81828384-MD249,MWAP81828384,201,True,"{""message"":""Measurer Created, Id:256""}"
257,MD250,MWAP81828384-MD250,MWAP81828384,201,True,"{""message"":""Measurer Created, Id:257""}"
258,MD251,MWAP81828384-MD251,MWAP81828384,201,True,"{""message"":""Measurer Created, Id:258""}"
259,MD252,MWAP64656667-MD252,MWAP64656667,201,True,"{""message"":""Measurer Created, Id:259""}"
260,MD253,MWAP64656667-MD253,MWAP64656667,201,True,"{""message"":""Measurer Created, Id:260""}"
261,MD254,MWAP64656667-MD254,MWAP64656667,201,True,"{""message"":""Measurer Created, Id:261""}"
262,MD255,MWAP64656667-MD255,MWAP64656667,201,True,"{""message"":""Measurer Created, Id:262""}"
263,MD256,MWAP717273-MD256,MWAP717273,201,True,"{""message"":""Measurer Created, Id:263""}"
264,MD257,MWAP717273-MD257,MWAP717273,201,True,"{""message"":""Measurer Created, Id:264""}"
265,MD258,MWAP717273-MD258,MWAP717273,201,True,"{""message"":""Measurer Created, Id:265""}"
266,MD259,MWAP717273-MD259,MWAP717273,201,True,"{""message"":""Measurer Created, Id:266""}"
267,MD260,MWAP717273-MD260,MWAP717273,201,True,"{""message"":""Measurer Created, Id:267""}"
268,MD261,MWAP747576-MD261,MWAP747576,201,True,"{""message"":""Measurer Created, Id:268""}"
269,MD262,MWAP747576-MD262,MWAP747576,201,True,"{""message"":""Measurer Created, Id:269""}"
270,MD263,MWAP747576-MD263,MWAP747576,201,True,"{""message"":""Measurer Created, Id:270""}"
271,MD264,MWAP77787980-MD264,MWAP77787980,201,True,"{""message"":""Measurer Created, Id:271""}"
272,MD265,MWAP77787980-MD265,MWAP77787980,201,True,"{""message"":""Measurer Created, Id:272""}"
273,MD266,MWAP77787980-MD266,MWAP77787980,201,True,"{""message"":""Measurer Created, Id:273""}"
274,MD267,MWAP77787980-MD267,MWAP77787980,201,True,"{""message"":""Measurer Created, Id:274""}"
275,MD268,MWAP31323334-MD268,MWAP31323334,201,True,"{""message"":""Measurer Created, Id:275""}"
276,MD269,MWAP31323334-MD269,MWAP31323334,201,True,"{""message"":""Measurer Created, Id:276""}"
277,MD270,MWAP31323334-MD270,MWAP31323334,201,True,"{""message"":""Measurer Created, Id:277""}"
278,MD271,MWAP31323334-MD271,MWAP31323334,201,True,"{""message"":""Measurer Created, Id:278""}"
279,MD272,MWAP4950-MD272,MWAP4950,201,True,"{""message"":""Measurer Created, Id:279""}"
280,MD273,MWAP4950-MD273,MWAP4950,201,True,"{""message"":""Measurer Created, Id:280""}"
281,MD274,MWAP5758-MD274,MWAP5758,201,True,"{""message"":""Measurer Created, Id:281""}"
282,MD275,MWAP5758-MD275,MWAP5758,201,True,"{""message"":""Measurer Created, Id:282""}"
283,MD276,MWAP596061-MD276,MWAP596061,201,True,"{""message"":""Measurer Created, Id:283""}"
284,MD277,MWAP596061-MD277,MWAP596061,201,True,"{""message"":""Measurer Created, Id:284""}"
285,MD278,MWAP596061-MD278,MWAP596061,201,True,"{""message"":""Measurer Created, Id:285""}"
286,MD279,MWAP353637-MD279,MWAP353637,201,True,"{""message"":""Measurer Created, Id:286""}"
287,MD280,MWAP353637-MD280,MWAP353637,201,True,"{""message"":""Measurer Created, Id:287""}"
288,MD281,MWAP353637-MD281,MWAP353637,201,True,"{""message"":""Measurer Created, Id:288""}"
289,MD282,MWAP38394041-MD282,MWAP38394041,201,True,"{""message"":""Measurer Created, Id:289""}"
290,MD283,MWAP38394041-MD283,MWAP38394041,201,True,"{""message"":""Measurer Created, Id:290""}"
291,MD284,MWAP42434445-MD284,MWAP42434445,201,True,"{""message"":""Measurer Created, Id:291""}"
292,MD285,MWAP42434445-MD285,MWAP42434445,201,True,"{""message"":""Measurer Created, Id:292""}"
293,MD286,MWAP464748-MD286,MWAP464748,201,True,"{""message"":""Measurer Created, Id:293""}"
294,MD287,MWAP464748-MD287,MWAP464748,201,True,"{""message"":""Measurer Created, Id:294""}"
295,MD288,MWAP464748-MD288,MWAP464748,201,True,"{""message"":""Measurer Created, Id:295""}"
296,MD289,MWAP515253-MD289,MWAP515253,201,True,"{""message"":""Measurer Created, Id:296""}"
297,MD290,MWAP515253-MD290,MWAP515253,201,True,"{""message"":""Measurer Created, Id:297""}"
298,MD291,MWAP515253-MD291,MWAP515253,201,True,"{""message"":""Measurer Created, Id:298""}"
299,MD292,MWAP545556-MD292,MWAP545556,201,True,"{""message"":""Measurer Created, Id:299""}"
300,MD293,MWAP545556-MD293,MWAP545556,201,True,"{""message"":""Measurer Created, Id:300""}"
301,MD294,MWAP545556-MD294,MWAP545556,201,True,"{""message"":""Measurer Created, Id:301""}"
302,MD295,MWAP4567-MD295,MWAP4567,201,True,"{""message"":""Measurer Created, Id:302""}"
303,MD296,MWAP4567-MD296,MWAP4567,201,True,"{""message"":""Measurer Created, Id:303""}"
304,MD297,MWAP8910-MD297,MWAP8910,201,True,"{""message"":""Measurer Created, Id:304""}"
305,MD298,MWAP8910-MD298,MWAP8910,201,True,"{""message"":""Measurer Created, Id:305""}"
306,MD299,MWAP8910-MD299,MWAP8910,201,True,"{""message"":""Measurer Created, Id:306""}"
307,MD300,MWAP14151617-MD300,MWAP14151617,201,True,"{""message"":""Measurer Created, Id:307""}"
308,MD301,MWAP14151617-MD301,MWAP14151617,201,True,"{""message"":""Measurer Created, Id:308""}"
309,MD302,MWAP181920-MD302,MWAP181920,201,True,"{""message"":""Measurer Created, Id:309""}"
310,MD303,MWAP181920-MD303,MWAP181920,201,True,"{""message"":""Measurer Created, Id:310""}"
311,MD304,MWAP181920-MD304,MWAP181920,201,True,"{""message"":""Measurer Created, Id:311""}"
312,MD305,MWAP21222324-MD305,MWAP21222324,201,True,"{""message"":""Measurer Created, Id:312""}"
313,MD306,MWAP21222324-MD306,MWAP21222324,201,True,"{""message"":""Measurer Created, Id:313""}"
314,MD307,MWAP21222324-MD307,MWAP21222324,201,True,"{""message"":""Measurer Created, Id:314""}"
315,MD308,MWAP21222324-MD308,MWAP21222324,201,True,"{""message"":""Measurer Created, Id:315""}"
316,MD309,MWAP25262728-MD309,MWAP25262728,201,True,"{""message"":""Measurer Created, Id:316""}"
317,MD310,MWAP25262728-MD310,MWAP25262728,201,True,"{""message"":""Measurer Created, Id:317""}"
318,MD311,MWAP25262728-MD311,MWAP25262728,201,True,"{""message"":""Measurer Created, Id:318""}"
319,MD312,MWAP25262728-MD312,MWAP25262728,201,True,"{""message"":""Measurer Created, Id:319""}"
320,MD313,MWAP2930-MD313,MWAP2930,201,True,"{""message"":""Measurer Created, Id:320""}"
321,MD314,MWAP2930-MD314,MWAP2930,201,True,"{""message"":""Measurer Created, Id:321""}"
322,MD315,MWAP68114-MD315,MWAP68114,201,True,"{""message"":""Measurer Created, Id:322""}"
323,MD316,MWAP68114-MD316,MWAP68114,201,True,"{""message"":""Measurer Created, Id:323""}"
324,MD317,MWAP6970-MD317,MWAP6970,201,True,"{""message"":""Measurer Created, Id:324""}"
325,MD318,MWAP6970-MD318,MWAP6970,201,True,"{""message"":""Measurer Created, Id:325""}"
326,MD319,MWAP115116117-MD319,MWAP115116117,201,True,"{""message"":""Measurer Created, Id:326""}"
327,MD320,MWAP115116117-MD320,MWAP115116117,201,True,"{""message"":""Measurer Created, Id:327""}"
328,MD321,MWAP115116117-MD321,MWAP115116117,201,True,"{""message"":""Measurer Created, Id:328""}"
329,MD322,MWAP123-MD322,MWAP123,201,True,"{""message"":""Measurer Created, Id:329""}"
330,MD323,MWAP123-MD323,MWAP123,201,True,"{""message"":""Measurer Created, Id:330""}"
331,MD324,MWAP123-MD324,MWAP123,201,True,"{""message"":""Measurer Created, Id:331""}"
332,MD325,MWAP108109-MD325,MWAP108109,201,True,"{""message"":""Measurer Created, Id:332""}"
333,MD326,MWAP108109-MD326,MWAP108109,201,True,"{""message"":""Measurer Created, Id:333""}"
334,MD327,MWAP6263-MD327,MWAP6263,201,True,"{""message"":""Measurer Created, Id:334""}"
335,MD328,MWAP6263-MD328,MWAP6263,201,True,"{""message"":""Measurer Created, Id:335""}"
336,MD329,MWAP112113-MD329,MWAP112113,201,True,"{""message"":""Measurer Created, Id:336""}"
337,MD330,MWAP112113-MD330,MWAP112113,201,True,"{""message"":""Measurer Created, Id:337""}"
338,MD331,MWAP106107-MD331,MWAP106107,201,True,"{""message"":""Measurer Created, Id:338""}"
339,MD332,MWAP106107-MD332,MWAP106107,201,True,"{""message"":""Measurer Created, Id:339""}"
340,MD333,MWAP939495-MD333,MWAP939495,201,True,"{""message"":""Measurer Created, Id:340""}"
341,MD334,MWAP939495-MD334,MWAP939495,201,True,"{""message"":""Measurer Created, Id:341""}"
342,MD335,MWAP939495-MD335,MWAP939495,201,True,"{""message"":""Measurer Created, Id:342""}"
343,MD339,MWAP38394041-MD339,MWAP38394041,201,True,"{""message"":""Measurer Created, Id:343""}"
344,MD340,MWAP38394041-MD340,MWAP38394041,201,True,"{""message"":""Measurer Created, Id:344""}"
345,MD341,MWAP42434445-MD341,MWAP42434445,201,True,"{""message"":""Measurer Created, Id:345""}"
346,MD342,MWAP42434445-MD342,MWAP42434445,201,True,"{""message"":""Measurer Created, Id:346""}"
347,MD343,MWAP4567-MD343,MWAP4567,201,True,"{""message"":""Measurer Created, Id:347""}"
348,MD344,MWAP4567-MD344,MWAP4567,201,True,"{""message"":""Measurer Created, Id:348""}"
349,MD345,MWAP14151617-MD345,MWAP14151617,201,True,"{""message"":""Measurer Created, Id:349""}"
350,MD346,MWAP14151617-MD346,MWAP14151617,201,True,"{""message"":""Measurer Created, Id:350""}"
351,MD348,MWAP122-MD348,MWAP122,201,True,"{""message"":""Measurer Created, Id:351""}"
352,MD349,MWAP111213-MD349,MWAP111213,201,True,"{""message"":""Measurer Created, Id:352""}"
353,MD350,MWAP111213-MD350,MWAP111213,201,True,"{""message"":""Measurer Created, Id:353""}"
355,MD354,MWAP123124125126127-MD354,MWAP123124125126127,201,True,"{""message"":""Measurer Created, Id:354""}"
356,MD355,MWAP123124125126127-MD355,MWAP123124125126127,201,True,"{""message"":""Measurer Created, Id:355""}"
357,MD356,MWAP123124125126127-MD356,MWAP123124125126127,201,True,"{""message"":""Measurer Created, Id:356""}"
358,MD357,MWAP123124125126127-MD357,MWAP123124125126127,201,True,"{""message"":""Measurer Created, Id:357""}"
359,MD358,MWAP123124125126127-MD358,MWAP123124125126127,201,True,"{""message"":""Measurer Created, Id:358""}"
